{
  "system": "anti_spoof",
  "counts": {
    "tp": 1060,
    "tn": 1057,
    "fp": 10,
    "fn": 10
  },
  "metrics": {
    "TP": 1060,
    "TN": 1057,
    "FP": 10,
    "FN": 10,
    "Accuracy": 0.9906410856340665,
    "Precision": 0.9906542056074766,
    "Recall": 0.9906542056074766,
    "F1-Score": 0.9906542056074766,
    "FAR": 0.00937207122774133,
    "FRR": 0.009345794392523364
  },
  "dataset": "evaluation/datasets/anti_spoof",
  "skipped": 2,
  "live_images": 1070,
  "spoof_images": 1067
}
